Megakaryocyte_Pei_et_al,Pf4
Megakaryocyte_Pei_et_al,Vwf
Megakaryocyte_Pei_et_al,Itga2b
Ery_Pei_et_al,Mki67
Ery_Pei_et_al,Gata1
Ery_Pei_et_al,Car2
Ery_Pei_et_al,Hbb-bs
Ery_Pei_et_al,Hba-a2
Ery_Pei_et_al,Car1
Ery_Pei_et_al,Apoe
Ery_Pei_et_al,Gata2
Monocyte_Pei_et_al,F13a1
Monocyte_Pei_et_al,Csf1r
Monocyte_Pei_et_al,Ly86
Monocyte_Pei_et_al,C4qb
Granulocyte_Pei_et_al,Ifitm1
Granulocyte_Pei_et_al,Mpo
Granulocyte_Pei_et_al,Elane
Granulocyte_Pei_et_al,Cebpe
Granulocyte_Pei_et_al,Prss34
Granulocyte_Pei_et_al,Prg2
Granulocyte_Pei_et_al,Gstm1
Granulocyte_Pei_et_al,Fcnb
Granulocyte_Pei_et_al,Ltf
Granulocyte_Pei_et_al,Gfi1
Granulocyte_Pei_et_al,Mmp8
Granulocyte_Pei_et_al,Itgam
Granulocyte_Pei_et_al,Il1b
Granulocyte_Pei_et_al,Ccl7
Lymphocyte_Pei_et_al,Dntt
Lymphocyte_Pei_et_al,Satb1
Lymphocyte_Pei_et_al,Flt3
Lymphocyte_Pei_et_al,Ly6d
Lymphocyte_Pei_et_al,Rag1
Lymphocyte_Pei_et_al,Ebf1
Lymphocyte_Pei_et_al,Cd79a
Lymphocyte_Pei_et_al,Gata3
Lymphocyte_Pei_et_al,Pax5
Lymphocyte_Pei_et_al,Vpreb1
Lymphocyte_Pei_et_al,Vpreb2
Lymphocyte_Pei_et_al,Vpreb3
Lymphocyte_Pei_et_al,Igll1
Lymphocyte_Pei_et_al,Fcrla
Lymphocyte_Pei_et_al,Ccl5
Lymphocyte_Pei_et_al,Ncr1
Lymphocyte_Pei_et_al,Cd3d
LT_HSC_Pei_et_al,Apoe
LT_HSC_Pei_et_al,Rpl9-ps6
LT_HSC_Pei_et_al,Gm10036
LT_HSC_Pei_et_al,Pdzk1ip1
LT_HSC_Pei_et_al,Clec1a
LT_HSC_Pei_et_al,Bex4
LT_HSC_Pei_et_al,Sult1a1
LT_HSC_Pei_et_al,Aldh1a1
LT_HSC_Pei_et_al,Cavin2
LT_HSC_Pei_et_al,Mllt3
LT_HSC_Pei_et_al,Gm11808
LT_HSC_Pei_et_al,Rps21
LT_HSC_Pei_et_al,Tgm2
LT_HSC_Pei_et_al,Nupr1
LT_HSC_Pei_et_al,Rpl21
LT_HSC_Pei_et_al,Rps28
LT_HSC_Pei_et_al,Nt5c3
LT_HSC_Pei_et_al,Slamf1
LT_HSC_Pei_et_al,Selenom
LT_HSC_Pei_et_al,Slfn2
LT_HSC_Pei_et_al,Meg3
LT_HSC_Pei_et_al,Rpl38
LT_HSC_Pei_et_al,Cracr2b
LT_HSC_Pei_et_al,Uba7
LT_HSC_Pei_et_al,Rps12-ps3
LT_HSC_Pei_et_al,Trim47
LT_HSC_Pei_et_al,Mmrn1
LT_HSC_Pei_et_al,Cd9
LT_HSC_Pei_et_al,Gda
LT_HSC_Pei_et_al,Obscn
LT_HSC_Pei_et_al,Ryk
LT_HSC_Pei_et_al,Gm2000
LT_HSC_Pei_et_al,Rps27
LT_HSC_Pei_et_al,Kazald1
LT_HSC_Pei_et_al,Gng11
LT_HSC_Pei_et_al,Socs2
LT_HSC_Pei_et_al,Rpl7a-ps5
LT_HSC_Pei_et_al,Gm10073
LT_HSC_Pei_et_al,Bex1
LT_HSC_Pei_et_al,Hoxb2
LT_HSC_Pei_et_al,Cpne8
LT_HSC_Pei_et_al,Art4
LT_HSC_Pei_et_al,Gata2
LT_HSC_Pei_et_al,Ldha
LT_HSC_Pei_et_al,Cdkn1c
LT_HSC_Pei_et_al,Fam110c
LT_HSC_Pei_et_al,Pbx1
LT_HSC_Pei_et_al,Grb10
LT_HSC_Pei_et_al,Gm11361
LT_HSC_Pei_et_al,Rpl13a
LT_HSC_Pei_et_al,Nadk2
LT_HSC_Pei_et_al,lfitm7
LT_HSC_Pei_et_al,Trpc6
LT_HSC_Pei_et_al,Rpl10-ps3
LT_HSC_Pei_et_al,Nrgn
LT_HSC_Pei_et_al,Esam
LT_HSC_Pei_et_al,Serpinb6a
LT_HSC_Pei_et_al,Serpina3g
LT_HSC_Pei_et_al,Ndn
LT_HSC_Pei_et_al,Tcf15
LT_HSC_Pei_et_al,Gfi1b
LT_HSC_Pei_et_al,Eef2
LT_HSC_Pei_et_al,Rpl27-ps3
LT_HSC_Pei_et_al,lfitm3
LT_HSC_Pei_et_al,Plxnc1
LT_HSC_Pei_et_al,Rps27rt
LT_HSC_Pei_et_al,Slc18a2
LT_HSC_Pei_et_al,Ppic
LT_HSC_Pei_et_al,Rhof
LT_HSC_Pei_et_al,Cavin3
LT_HSC_Pei_et_al,Cenpt
LT_HSC_Pei_et_al,Tinagl1
LT_HSC_Pei_et_al,Csgalnact1
LT_HSC_Pei_et_al,Plxdc2
LT_HSC_Pei_et_al,Rftn1
LT_HSC_Pei_et_al,Clec2d
LT_HSC_Pei_et_al,Ccnd2
LT_HSC_Pei_et_al,Mycn
LT_HSC_Pei_et_al,Hacd4
LT_HSC_Pei_et_al,Txnip
LT_HSC_Pei_et_al,Tmem40
LT_HSC_Pei_et_al,Cited2
LT_HSC_Pei_et_al,I|11ra1
LT_HSC_Pei_et_al,Klf9
LT_HSC_Pei_et_al,Khk
LT_HSC_Pei_et_al,Ftl1-ps1
LT_HSC_Pei_et_al,Rpl13a-ps1
LT_HSC_Pei_et_al,Sord
LT_HSC_Pei_et_al,Tbxas1
LT_HSC_Pei_et_al,Rpl36a-ps1
LT_HSC_Pei_et_al,Ubl7
LT_HSC_Pei_et_al,Cd63
LT_HSC_Pei_et_al,Epb41I4b
LT_HSC_Pei_et_al,Pdlim1
LT_HSC_Pei_et_al,Nedd4
LT_HSC_Pei_et_al,Wdr89
LT_HSC_Pei_et_al,Sdsl
LT_HSC_Pei_et_al,Tmem258
LT_HSC_Pei_et_al,Cd81
LT_HSC_Pei_et_al,Adgrg1
LT_HSC_Pei_et_al,Tubb4b
LT_HSC_Pei_et_al,Hsd17b10
LT_HSC_Pei_et_al,Slc48a1
LT_HSC_Pei_et_al,Wfdc2
LT_HSC_Pei_et_al,lfitm1
LT_HSC_Pei_et_al,Bola2
LT_HSC_Pei_et_al,Ccnd3
LT_HSC_Pei_et_al,Tsc22d3
LT_HSC_Pei_et_al,Mecom
LT_HSC_Pei_et_al,Rbp1
LT_HSC_Pei_et_al,S100a6
LT_HSC_Pei_et_al,Hmgn3
LT_HSC_Pei_et_al,Fbxo9
LT_HSC_Pei_et_al,Aplp2
LT_HSC_Pei_et_al,Nfkbia
LT_HSC_Pei_et_al,Pnp
LT_HSC_Pei_et_al,Krt18
LT_HSC_Pei_et_al,Fut8
LT_HSC_Pei_et_al,Gm19590
LT_HSC_Pei_et_al,Iigp1
LT_HSC_Pei_et_al,Pik3r1
LT_HSC_Pei_et_al,Tuba1b
LT_HSC_Pei_et_al,AY036118
ST_HSC_Pei_et_al,H2afy
ST_HSC_Pei_et_al,Cd34
ST_HSC_Pei_et_al,Tmsb10
ST_HSC_Pei_et_al,Plac8
ST_HSC_Pei_et_al,Flt3
ST_HSC_Pei_et_al,Ramp1
ST_HSC_Pei_et_al,Cd52
ST_HSC_Pei_et_al,Serpinb1a
ST_HSC_Pei_et_al,Sh3bgrl3
ST_HSC_Pei_et_al,Sox4
ST_HSC_Pei_et_al,Gm5111
ST_HSC_Pei_et_al,mt-Nd4I
ST_HSC_Pei_et_al,Emb
ST_HSC_Pei_et_al,Wfdc17
ST_HSC_Pei_et_al,Uba52
ST_HSC_Pei_et_al,Cd53
ST_HSC_Pei_et_al,Gmfg
ST_HSC_Pei_et_al,Cd37
ST_HSC_Pei_et_al,Crip1
ST_HSC_Pei_et_al,Ctla2a
ST_HSC_Pei_et_al,Tespa1
ST_HSC_Pei_et_al,Adgrl4
ST_HSC_Pei_et_al,Cmtm7
ST_HSC_Pei_et_al,Gcnt2
ST_HSC_Pei_et_al,Hlf
ST_HSC_Pei_et_al,Gpx1
ST_HSC_Pei_et_al,Nkg7
ST_HSC_Pei_et_al,lrf2bp2
ST_HSC_Pei_et_al,Cd27
ST_HSC_Pei_et_al,Ddx4
ST_HSC_Pei_et_al,Rabgap1l
ST_HSC_Pei_et_al,Taldo1
ST_HSC_Pei_et_al,Shisa5
ST_HSC_Pei_et_al,Slc16a11
ST_HSC_Pei_et_al,BC035044
ST_HSC_Pei_et_al,Ccl3
ST_HSC_Pei_et_al,Lat2
ST_HSC_Pei_et_al,ltgb5
ST_HSC_Pei_et_al,lghm
ST_HSC_Pei_et_al,lkzf2
ST_HSC_Pei_et_al,Satb1
ST_HSC_Pei_et_al,Chd3
ST_HSC_Pei_et_al,Shisa8
ST_HSC_Pei_et_al,Gm10076
ST_HSC_Pei_et_al,Arhgap30
ST_HSC_Pei_et_al,Vldlr
ST_HSC_Pei_et_al,Fam69b
ST_HSC_Pei_et_al,Sec61b
ST_HSC_Pei_et_al,Arhgdib
ST_HSC_Pei_et_al,Lcp1
ST_HSC_Pei_et_al,lfi203
ST_HSC_Pei_et_al,Gm2a
ST_HSC_Pei_et_al,Hnrnph1
ST_HSC_Pei_et_al,Cd47
ST_HSC_Pei_et_al,Dock10
ST_HSC_Pei_et_al,Tm6sf1
ST_HSC_Pei_et_al,Mlec
ST_HSC_Pei_et_al,Dhrs3
ST_HSC_Pei_et_al,Ctss
ST_HSC_Pei_et_al,Ptpre
ST_HSC_Pei_et_al,Wfdc18
ST_HSC_Pei_et_al,Zyx
ST_HSC_Pei_et_al,Map4k4
ST_HSC_Pei_et_al,Plppr3
ST_HSC_Pei_et_al,Tyrobp
ST_HSC_Pei_et_al,Spi1
ST_HSC_Pei_et_al,Runx2
ST_HSC_Pei_et_al,Fchsd2
ST_HSC_Pei_et_al,Gpr171
ST_HSC_Pei_et_al,Pcgf5
ST_HSC_Pei_et_al,Coro1a
ST_HSC_Pei_et_al,Dock8
ST_HSC_Pei_et_al,Ltb
ST_HSC_Pei_et_al,Laptm5
ST_HSC_Pei_et_al,Kcnk12
ST_HSC_Pei_et_al,1-Sep
ST_HSC_Pei_et_al,Rgs2
ST_HSC_Pei_et_al,Fkbp3
ST_HSC_Pei_et_al,Runx3
ST_HSC_Pei_et_al,Mgst1
ST_HSC_Pei_et_al,Coro7
ST_HSC_Pei_et_al,Anxa2
ST_HSC_Pei_et_al,BC028528
ST_HSC_Pei_et_al,Ucp2
ST_HSC_Pei_et_al,Plek
ST_HSC_Pei_et_al,St8sia4
ST_HSC_Pei_et_al,Rnase6
ST_HSC_Pei_et_al,Btg2
ST_HSC_Pei_et_al,lkzf1
ST_HSC_Pei_et_al,H2-DMa
ST_HSC_Pei_et_al,Arhgap15
ST_HSC_Pei_et_al,lfi27I2a
ST_HSC_Pei_et_al,Cdk6
ST_HSC_Pei_et_al,Cd44
ST_HSC_Pei_et_al,Samsn1
ST_HSC_Pei_et_al,Phf14
ST_HSC_Pei_et_al,Top1
ST_HSC_Pei_et_al,Cd72
ST_HSC_Pei_et_al,Scd2
ST_HSC_Pei_et_al,Pan3
ST_HSC_Pei_et_al,lqgap1
ST_HSC_Pei_et_al,Vim
ST_HSC_Pei_et_al,ll17ra
ST_HSC_Pei_et_al,Osbpl8
ST_HSC_Pei_et_al,Vav3
ST_HSC_Pei_et_al,Cux1
ST_HSC_Pei_et_al,Slco3a1
ST_HSC_Pei_et_al,Tia1
ST_HSC_Pei_et_al,Mgat1
ST_HSC_Pei_et_al,Fam117a
ST_HSC_Pei_et_al,ll12a
ST_HSC_Pei_et_al,Pcp4I1
ST_HSC_Pei_et_al,Man1a
ST_HSC_Pei_et_al,Egfl7
ST_HSC_Pei_et_al,Rasgrp2
ST_HSC_Pei_et_al,lfi27
ST_HSC_Pei_et_al,Hist1h2ap
ST_HSC_Pei_et_al,Hoxa9
ST_HSC_Pei_et_al,Fos
CMP_Pei_et_al,Adgrg1
CMP_Pei_et_al,Aldoa
CMP_Pei_et_al,Angpt1
CMP_Pei_et_al,Ap3s1
CMP_Pei_et_al,Apoe
CMP_Pei_et_al,Asap1
CMP_Pei_et_al,Atpif1
CMP_Pei_et_al,Bin2
CMP_Pei_et_al,Calr
CMP_Pei_et_al,Car1
CMP_Pei_et_al,Car2
CMP_Pei_et_al,Ccl9
CMP_Pei_et_al,Cd34
CMP_Pei_et_al,Cd63
CMP_Pei_et_al,Cd9
CMP_Pei_et_al,Clec4d
CMP_Pei_et_al,Cpa3
CMP_Pei_et_al,Creg1
CMP_Pei_et_al,Csrp3
CMP_Pei_et_al,Ctla2a
CMP_Pei_et_al,Ctsg
CMP_Pei_et_al,Dach1
CMP_Pei_et_al,Dapp1
CMP_Pei_et_al,Elane
CMP_Pei_et_al,Etfb
CMP_Pei_et_al,F630028O10
CMP_Pei_et_al,Fam46a
CMP_Pei_et_al,Fermt3
CMP_Pei_et_al,Gata2
CMP_Pei_et_al,Gclm
CMP_Pei_et_al,Gse1
CMP_Pei_et_al,Gstm5
CMP_Pei_et_al,Hdgf
CMP_Pei_et_al,Hlf
CMP_Pei_et_al,Hmgb3
CMP_Pei_et_al,lfitm1
CMP_Pei_et_al,lfitm2
CMP_Pei_et_al,lfitm3
CMP_Pei_et_al,ltga2b
CMP_Pei_et_al,Khk
CMP_Pei_et_al,Kit
CMP_Pei_et_al,Ldha
CMP_Pei_et_al,Lmo2
CMP_Pei_et_al,Mpo
CMP_Pei_et_al,Ms4a3
CMP_Pei_et_al,Muc13
CMP_Pei_et_al,Nfe2
CMP_Pei_et_al,Ninj1
CMP_Pei_et_al,Nkg7
CMP_Pei_et_al,Nt5c3
CMP_Pei_et_al,Pdcd4
CMP_Pei_et_al,Pf4
CMP_Pei_et_al,Pgam1
CMP_Pei_et_al,Prdx6
CMP_Pei_et_al,Prkar2b
CMP_Pei_et_al,Prtn3
CMP_Pei_et_al,Rab38
CMP_Pei_et_al,S100a1
CMP_Pei_et_al,Sdsl
CMP_Pei_et_al,Slc22a3
CMP_Pei_et_al,Sord
CMP_Pei_et_al,Srgn
CMP_Pei_et_al,Tacstd2
CMP_Pei_et_al,Unc119
CMP_Pei_et_al,Vamp5
CMP_Pei_et_al,Vamp8
CMP_Pei_et_al,Ybx3
CMP_Pei_et_al,Zfpm1
CLP_Pei_et_al,2810417H13Rik
CLP_Pei_et_al,Arpc5l
CLP_Pei_et_al,Arpp21
CLP_Pei_et_al,Atp1b1
CLP_Pei_et_al,Atp1b3
CLP_Pei_et_al,Atp2b4
CLP_Pei_et_al,B3gnt2
CLP_Pei_et_al,BC035044
CLP_Pei_et_al,Bex6
CLP_Pei_et_al,Bfsp2
CLP_Pei_et_al,Blk
CLP_Pei_et_al,Blnk
CLP_Pei_et_al,Bst2
CLP_Pei_et_al,Camk1d
CLP_Pei_et_al,Ccnd3
CLP_Pei_et_al,Cd37
CLP_Pei_et_al,Cd52
CLP_Pei_et_al,Cd53
CLP_Pei_et_al,Cd72
CLP_Pei_et_al,Cd79a
CLP_Pei_et_al,Cd93
CLP_Pei_et_al,Cdkn1a
CLP_Pei_et_al,Cdv3
CLP_Pei_et_al,Chchd10
CLP_Pei_et_al,Clec12a
CLP_Pei_et_al,Rik Clec2d
CLP_Pei_et_al,Cmah
CLP_Pei_et_al,Cnn3
CLP_Pei_et_al,Cnp
CLP_Pei_et_al,Coro1a
CLP_Pei_et_al,Cox6a2
CLP_Pei_et_al,Crip1
CLP_Pei_et_al,Ctr9
CLP_Pei_et_al,Ctsb
CLP_Pei_et_al,Ctss
CLP_Pei_et_al,Dntt
CLP_Pei_et_al,Drc7
CLP_Pei_et_al,Ebf1
CLP_Pei_et_al,Egfl7
CLP_Pei_et_al,Egln1
CLP_Pei_et_al,Evl
CLP_Pei_et_al,Flt3
CLP_Pei_et_al,Foxp1
CLP_Pei_et_al,Gimap6
CLP_Pei_et_al,Gm1966
CLP_Pei_et_al,Gm4759
CLP_Pei_et_al,Gm5111
CLP_Pei_et_al,Gphn
CLP_Pei_et_al,Gpr171
CLP_Pei_et_al,Gpr25
CLP_Pei_et_al,H2-Ob
CLP_Pei_et_al,H2afy
CLP_Pei_et_al,Hes6
CLP_Pei_et_al,Hist1h2ae
CLP_Pei_et_al,lfi203
CLP_Pei_et_al,lfi27I2a
CLP_Pei_et_al,lkzf1
CLP_Pei_et_al,ll12a
CLP_Pei_et_al,Il18rap
CLP_Pei_et_al,ll7r
CLP_Pei_et_al,lrf8
CLP_Pei_et_al,Lbh
CLP_Pei_et_al,Lck
CLP_Pei_et_al,Lcp1
CLP_Pei_et_al,Lsm3
CLP_Pei_et_al,Lsp1
CLP_Pei_et_al,Ly6d
CLP_Pei_et_al,Ly6e
CLP_Pei_et_al,Ly86
CLP_Pei_et_al,Maml3
CLP_Pei_et_al,Marcks
CLP_Pei_et_al,Med13I
CLP_Pei_et_al,Mef2c
CLP_Pei_et_al,Mgst2
CLP_Pei_et_al,Mndal
CLP_Pei_et_al,Mpeg1
CLP_Pei_et_al,Mta3
CLP_Pei_et_al,Myl10
CLP_Pei_et_al,Myl4
CLP_Pei_et_al,Mzb1
CLP_Pei_et_al,Notch1
CLP_Pei_et_al,Nucb2
CLP_Pei_et_al,Parp1
CLP_Pei_et_al,Pgls
CLP_Pei_et_al,Pkig
CLP_Pei_et_al,Psap
CLP_Pei_et_al,Pten
CLP_Pei_et_al,Ptp4a3
CLP_Pei_et_al,Ptprcap
CLP_Pei_et_al,Rac2
CLP_Pei_et_al,Rag1
CLP_Pei_et_al,Ramp1
CLP_Pei_et_al,Rpgrip1
CLP_Pei_et_al,Runx2
CLP_Pei_et_al,Satb1
CLP_Pei_et_al,Sdc1
CLP_Pei_et_al,Sdc4
CLP_Pei_et_al,Sell
CLP_Pei_et_al,Selplg
CLP_Pei_et_al,1-Sep
CLP_Pei_et_al,Siglech
CLP_Pei_et_al,Smad7
CLP_Pei_et_al,Smim14
CLP_Pei_et_al,Stk17b
CLP_Pei_et_al,Tbxa2r
CLP_Pei_et_al,Tcf4
CLP_Pei_et_al,Tfrc
CLP_Pei_et_al,Tifa
CLP_Pei_et_al,Tmem108
CLP_Pei_et_al,Tmem121
CLP_Pei_et_al,Tmem173
CLP_Pei_et_al,Tmem229b
CLP_Pei_et_al,Tmsb10
CLP_Pei_et_al,Tpm4
CLP_Pei_et_al,Tsc22d1
CLP_Pei_et_al,Tspan13
CLP_Pei_et_al,Tspan2
CLP_Pei_et_al,Ttc13
CLP_Pei_et_al,Tyrobp
CLP_Pei_et_al,Unc93b1
CLP_Pei_et_al,Vpreb3
CLP_Pei_et_al,Wasf2
CLP_Pei_et_al,Xpc
CLP_Pei_et_al,Xrcc6
