HSC_Chen_et_al,CRIP3
HSC_Chen_et_al,MTHFD1P1
HSC_Chen_et_al,ABI3BP
HSC_Chen_et_al,EIF3FP1
HSC_Chen_et_al,BX571672.5
HSC_Chen_et_al,PLAC1
HSC_Chen_et_al,DMKN
HSC_Chen_et_al,SNX31
HSC_Chen_et_al,LOXL1
HSC_Chen_et_al,HERC2P8
HSC_Chen_et_al,RAPGEF4
HSC_Chen_et_al,OR11H2
HSC_Chen_et_al,GSTM5P1
HSC_Chen_et_al,RAI14
HSC_Chen_et_al,ERC2
HSC_Chen_et_al,CYP2C8
HSC_Chen_et_al,PPARGC1A
HSC_Chen_et_al,AL953854.2
HSC_Chen_et_al,RP11-64D22.2
HSC_Chen_et_al,OR13C2
HSC_Chen_et_al,RP11-693N9.2
HSC_Chen_et_al,FOXO1
HSC_Chen_et_al,RP11-16L9.2
HSC_Chen_et_al,SORBS2
HSC_Chen_et_al,RP11-93O14.2
HSC_Chen_et_al,CCDC162P
HSC_Chen_et_al,RPSAP52
HSC_Chen_et_al,ZNF532
HSC_Chen_et_al,MAPK10
HSC_Chen_et_al,OR5AP2
HSC_Chen_et_al,MACROD2-AS1
HSC_Chen_et_al,RP11-241F15.3
HSC_Chen_et_al,DDC
HSC_Chen_et_al,HMGB1P8
HSC_Chen_et_al,SPTSSB
HSC_Chen_et_al,AC012087.2
HSC_Chen_et_al,RP11-261C10.5
HSC_Chen_et_al,GOLT1A
HSC_Chen_et_al,CDH18
HSC_Chen_et_al,AC023590.1
HSC_Chen_et_al,C11orf92
HSC_Chen_et_al,RP11-7G12.1
HSC_Chen_et_al,ELN
HSC_Chen_et_al,AC000094.3
HSC_Chen_et_al,MARVELD3
HSC_Chen_et_al,HMGB1P39
HSC_Chen_et_al,CCDC149
HSC_Chen_et_al,FSIP2
HSC_Chen_et_al,RASSF8
HSC_Chen_et_al,SSPN
HSC_Chen_et_al,PHF3
HSC_Chen_et_al,MPPED2
HSC_Chen_et_al,RP11-524O24.2
HSC_Chen_et_al,CC2D2A
HSC_Chen_et_al,IGF2BP2
HSC_Chen_et_al,OR10D5P
HSC_Chen_et_al,MECOM
HSC_Chen_et_al,RP11-118B22.3
HSC_Chen_et_al,PTGFR
HSC_Chen_et_al,UGT8
HSC_Chen_et_al,HLF
HSC_Chen_et_al,MID2
HSC_Chen_et_al,CDA
HSC_Chen_et_al,RPL7AP26
HSC_Chen_et_al,Metazoa_SRP
HSC_Chen_et_al,CTD-2161E19.1
HSC_Chen_et_al,CAMSAP2
HSC_Chen_et_al,DST
HSC_Chen_et_al,RP11-366L20.2
HSC_Chen_et_al,C12orf50
HSC_Chen_et_al,MATN2
HSC_Chen_et_al,EIF4A1P6
HSC_Chen_et_al,RP11-111F5.2
HSC_Chen_et_al,BX004987.5
HSC_Chen_et_al,LDB2
HSC_Chen_et_al,OR2A9P
HSC_Chen_et_al,GS1-542M4.3
HSC_Chen_et_al,RPL21P123
HSC_Chen_et_al,P2RY13
HSC_Chen_et_al,NEDD4
HSC_Chen_et_al,GAPDHP70
HSC_Chen_et_al,RP11-356N1.2
HSC_Chen_et_al,RP11-417B4.4
HSC_Chen_et_al,RP11-2C7.1
HSC_Chen_et_al,TNFSF10
HSC_Chen_et_al,XX-C2158C12.1
HSC_Chen_et_al,PLA2G1B
HSC_Chen_et_al,GLYATL2
HSC_Chen_et_al,RP11-545I5.3
HSC_MPP_Drissen_et_al,PRKAA2
HSC_MPP_Drissen_et_al,SHE
HSC_MPP_Drissen_et_al,CDS1
HSC_MPP_Drissen_et_al,SELM
HSC_MPP_Drissen_et_al,FAM47E
HSC_MPP_Drissen_et_al,TLCD2
HSC_MPP_Drissen_et_al,FAM198B
HSC_MPP_Drissen_et_al,TCEAL2
HSC_MPP_Drissen_et_al,HLF
HSC_MPP_Drissen_et_al,EMCN
HSC_MPP_Drissen_et_al,CLEC9A
HSC_MPP_Drissen_et_al,SKAP1
HSC_MPP_Drissen_et_al,KLHL31
HSC_MPP_Drissen_et_al,MLLT4
HSC_MPP_Drissen_et_al,PLAG1
HSC_MPP_Drissen_et_al,CRHBP
HSC_MPP_Drissen_et_al,AGPAT9
HSC_MPP_Drissen_et_al,LINC00478
HSC_MPP_Drissen_et_al,ENAH
HSC_MPP_Drissen_et_al,RIN2
HSC_MPP_Drissen_et_al,LOC100289495
HSC_MPP_Drissen_et_al,MIAT
HSC_MPP_Drissen_et_al,HIST1H2BG
HSC_MPP_Drissen_et_al,NUDT17
HSC_MPP_Drissen_et_al,DNM3
HSC_MPP_Drissen_et_al,MLLT3
HSC_MPP_Drissen_et_al,GGTA1P
HSC_MPP_Drissen_et_al,ZNF204P
HSC_MPP_Drissen_et_al,IFIT1
HSC_MPP_Drissen_et_al,LRRC70
HSC_MPP_Drissen_et_al,MYCT1
HSC_MPP_Drissen_et_al,MECOM
HSC_MPP_Drissen_et_al,SCN9A
HSC_MPP_Drissen_et_al,PCDH9
HSC_MPP_Drissen_et_al,MPL
HSC_MPP_Drissen_et_al,GSTM3
HSC_MPP_Drissen_et_al,RIC3
HSC_MPP_Drissen_et_al,ACSM3
HSC_MPP_Drissen_et_al,KBTBD3
HSC_MPP_Drissen_et_al,UCHL1
HSC_MPP_Drissen_et_al,MIR155HG
HSC_MPP_Drissen_et_al,ZNF14
HSC_MPP_Drissen_et_al,MMRN1
HSC_MPP_Drissen_et_al,CD164
HSC_MPP_Drissen_et_al,DYTN
HSC_MPP_Drissen_et_al,PTK2
HSC_MPP_Drissen_et_al,EGFEM1P
HSC_MPP_Drissen_et_al,PLSCR4
HSC_MPP_Drissen_et_al,THAP9
HSC_MPP_Drissen_et_al,PIK3IP1
HSC_MPP_Drissen_et_al,PGBD4
HSC_MPP_Drissen_et_al,CTTNBP2NL
HSC_MPP_Drissen_et_al,ARHGEF40
HSC_MPP_Drissen_et_al,NPR3
HSC_MPP_Drissen_et_al,SLC37A3
HSC_MPP_Drissen_et_al,BIRC3
HSC_MPP_Drissen_et_al,TFPI
HSC_MPP_Drissen_et_al,HIST2H2BE
HSC_MPP_Drissen_et_al,CYBRD1
HSC_MPP_Drissen_et_al,SOCS2
HSC_MPP_Drissen_et_al,LOC344595
HSC_MPP_Drissen_et_al,DCUN1D4
HSC_MPP_Drissen_et_al,CLIC2
HSC_MPP_Drissen_et_al,MEIS1
HSC_MPP_Drissen_et_al,LOC100131289
HSC_MPP_Drissen_et_al,GSTM2P1
HSC_MPP_Drissen_et_al,GUCY1A3
HSC_MPP_Drissen_et_al,IDS
HSC_MPP_Drissen_et_al,DYNLT3
HSC_MPP_Drissen_et_al,ZNF677
HSC_MPP_Drissen_et_al,KLHL3
HSC_MPP_Drissen_et_al,THAP2
HSC_MPP_Drissen_et_al,SPEF2
HSC_MPP_Drissen_et_al,ZNF165
HSC_MPP_Drissen_et_al,TRIM22
HSC_MPP_Drissen_et_al,ZNF267
HSC_MPP_Drissen_et_al,CFL2
HSC_MPP_Drissen_et_al,ZNF614
HSC_MPP_Drissen_et_al,PION
HSC_MPP_Drissen_et_al,LOC374443
HSC_MPP_Drissen_et_al,RAPGEF2
HSC_MPP_Drissen_et_al,NRIP1
HSC_MPP_Drissen_et_al,USP6
HSC_MPP_Drissen_et_al,SNTB1
HSC_MPP_Drissen_et_al,FOXO1
HSC_MPP_Drissen_et_al,LOC100130691
HSC_MPP_Drissen_et_al,BNIP3L
HSC_MPP_Drissen_et_al,LRP6
HSC_MPP_Drissen_et_al,SC5DL
HSC_MPP_Drissen_et_al,SYPL1
HSC_MPP_Drissen_et_al,ABCB1
HSC_MPP_Drissen_et_al,ANXA5
HSC_MPP_Drissen_et_al,NAP1L3
HSC_MPP_Drissen_et_al,PTPRC
HSC_MPP_Drissen_et_al,KANK1
HSC_MPP_Drissen_et_al,PCBD1
HSC_MPP_Drissen_et_al,ZC2HC1A
HSC_MPP_Drissen_et_al,LIN9
HSC_MPP_Drissen_et_al,PTEN
HSC_MPP_Drissen_et_al,CAPN2
HSC_MPP_Drissen_et_al,ANGPT1
HSC_MPP_Drissen_et_al,IL6ST
HSC_MPP_Drissen_et_al,ATP1B1
HSC_MPP_Drissen_et_al,ZXDB
HSC_MPP_Drissen_et_al,ATPBD4
HSC_MPP_Drissen_et_al,PDIK1L
HSC_MPP_Drissen_et_al,GNPDA2
HSC_MPP_Drissen_et_al,BBS2
HSC_MPP_Drissen_et_al,ZNF23
HSC_MPP_Popescu_et_al,SPINK2
HSC_MPP_Popescu_et_al,SMIM24
HSC_MPP_Popescu_et_al,CYTL1
HSC_MPP_Popescu_et_al,PRSS57
HSC_MPP_Popescu_et_al,CD34
HSC_MPP_Popescu_et_al,HOPX
HSC_MPP_Popescu_et_al,C1QTNF4
HSC_MPP_Popescu_et_al,MLLT3
HSC_MPP_Popescu_et_al,RPS3
HSC_MPP_Popescu_et_al,CDCA7
HSC_MPP_Popescu_et_al,RPS4X
HSC_MPP_Popescu_et_al,RP11-620J15.3
HSC_MPP_Popescu_et_al,NPM1
HSC_MPP_Popescu_et_al,EEF1B2
HSC_MPP_Popescu_et_al,APEX1
HSC_MPP_Popescu_et_al,LDHB
HSC_MPP_Popescu_et_al,ITM2A
HSC_MPP_Popescu_et_al,RPL10A
HSC_MPP_Popescu_et_al,RPL3
HSC_MPP_Popescu_et_al,EIF3E
HSC_MPP_Popescu_et_al,EGFL7
HSC_MPP_Popescu_et_al,ZFAS1
HSC_MPP_Popescu_et_al,RPL7
HSC_MPP_Popescu_et_al,RPS18
HSC_MPP_Popescu_et_al,TAOK3
HSC_MPP_Popescu_et_al,RPS3A
HSC_MPP_Popescu_et_al,RPS14
HSC_MPP_Popescu_et_al,HNRNPA1
HSC_MPP_Popescu_et_al,PRDX1
HSC_MPP_Popescu_et_al,RPL7A
LMPP_Drissen_et_al,PPP1R14C
LMPP_Drissen_et_al,CCR9
LMPP_Drissen_et_al,KIAA0087
LMPP_Drissen_et_al,PRSS1
LMPP_Drissen_et_al,PRSS3P2
LMPP_Drissen_et_al,SCN3A
LMPP_Drissen_et_al,RXFP1
LMPP_Drissen_et_al,PRSS3
LMPP_Drissen_et_al,LTB
LMPP_Drissen_et_al,CAMK2D
LMPP_Drissen_et_al,COBLL1
LMPP_Drissen_et_al,KCNK17
LMPP_Drissen_et_al,HOXA9
LMPP_Drissen_et_al,DOCK1
LMPP_Drissen_et_al,LZTFL1
LMPP_Drissen_et_al,HHAT
LMPP_Drissen_et_al,PALLD
LMPP_Drissen_et_al,PFKFB2
LMPP_Drissen_et_al,DCK
LMPP_Drissen_et_al,ARID5B
LMPP_Drissen_et_al,IL3RA
LMPP_Drissen_et_al,ADA
LMPP_Drissen_et_al,ETS1
LMPP_Drissen_et_al,KIAA0125
LMPP_Drissen_et_al,GSTA4
LMPP_Drissen_et_al,OSBPL3
LMPP_Drissen_et_al,CYFIP2
LMPP_Drissen_et_al,SLC35F6
LMPP_Drissen_et_al,NTAN1
LMPP_Drissen_et_al,PIK3AP1
LMPP_Drissen_et_al,LPIN1
LMPP_Drissen_et_al,SNX10
LMPP_Drissen_et_al,LST1
LMPP_Drissen_et_al,CD99
LMPP_Drissen_et_al,TCF4
LMPP_Drissen_et_al,ANKRD44
LMPP_Drissen_et_al,PAQR8
LMPP_Drissen_et_al,DYRK2
LMPP_Drissen_et_al,OSBPL11
LMPP_Drissen_et_al,CD47
LMPP_Drissen_et_al,TRAF3IP3
LMPP_Drissen_et_al,FLJ13197
LMPP_Drissen_et_al,RHOH
LMPP_Drissen_et_al,SEC61A2
LMPP_Drissen_et_al,CD53
LMPP_Drissen_et_al,SLC12A2
LMPP_Drissen_et_al,C16orf54
LMPP_Drissen_et_al,MEF2A
LMPP_Drissen_et_al,EMR2
LMPP_Drissen_et_al,PRKCB
LMPP_Drissen_et_al,TTC39C
LMPP_Drissen_et_al,ITFG1
LMPP_Drissen_et_al,ERMP1
LMPP_Drissen_et_al,LOC146880
LMPP_Drissen_et_al,DTX3L
LMPP_Drissen_et_al,SATB1
LMPP_Drissen_et_al,SLC38A1
LMPP_Drissen_et_al,CMTM7
LMPP_Drissen_et_al,CAPZA1
LMPP_Drissen_et_al,TMSB4X
LMPP_Drissen_et_al,ALDH2
LMPP_Drissen_et_al,ISCU
LMPP_Drissen_et_al,RASSF3
LMPP_Drissen_et_al,EFHC1
LMPP_Drissen_et_al,RUFY3
LMPP_Drissen_et_al,ARL6IP5
LMPP_Drissen_et_al,SLC39A9
LMPP_Drissen_et_al,C3orf58
LMPP_Drissen_et_al,MPC1
LMPP_Drissen_et_al,UTP6
LMPP_Drissen_et_al,PSMA6
LMPP_Drissen_et_al,IL2RG
LMPP_Drissen_et_al,BCL11A
LMPP_Drissen_et_al,AFF1
LMPP_Drissen_et_al,GLG1
LMPP_Drissen_et_al,TMEM242
LMPP_Drissen_et_al,UBE2J1
LMPP_Drissen_et_al,B3GALNT2
LMPP_Drissen_et_al,TASP1
CMP_Drissen_et_al,NAT8L
CMP_Drissen_et_al,HTRA3
CMP_Drissen_et_al,CA9
CMP_Drissen_et_al,SAMD15
CMP_Drissen_et_al,C1QTNF4
CMP_Drissen_et_al,C9orf139
CMP_Drissen_et_al,BZRAP1
CMP_Drissen_et_al,PRAM1
CMP_Drissen_et_al,IGLL1
CMP_Drissen_et_al,IGLL3P
CMP_Drissen_et_al,CSF3R
CMP_Drissen_et_al,MZB1
CMP_Drissen_et_al,C19orf77
CMP_Drissen_et_al,KBTBD11
CMP_Drissen_et_al,SPARC
CMP_Drissen_et_al,PHGDH
CMP_Drissen_et_al,RAPGEF1
CMP_Drissen_et_al,EID2B
CMP_Drissen_et_al,LAT2
CMP_Drissen_et_al,IKBKE
CMP_Drissen_et_al,SCMH1
CMP_Drissen_et_al,SPTAN1
CMP_Drissen_et_al,PKM
CMP_Drissen_et_al,NCDN
CMP_Drissen_et_al,P2RY8
CMP_Drissen_et_al,PTPRCAP
CMP_Drissen_et_al,DOK3
CMP_Drissen_et_al,HCST
CMP_Drissen_et_al,TRIM14
CMP_Drissen_et_al,KCNAB2
CMP_Drissen_et_al,RAP1GAP2
CMP_Drissen_et_al,CDCA7
CMP_Drissen_et_al,TNFSF13B
CMP_Drissen_et_al,ADA
CMP_Drissen_et_al,MAPKAPK3
CMP_Drissen_et_al,LSP1
CMP_Drissen_et_al,EDEM2
CMP_Drissen_et_al,IMPA2
CMP_Drissen_et_al,TMEM106C
GMP_Drissen_et_al,C5orf20
GMP_Drissen_et_al,C1QTNF4
GMP_Drissen_et_al,NRXN2
GMP_Drissen_et_al,BZRAP1
GMP_Drissen_et_al,LYZ
GMP_Drissen_et_al,CFD
GMP_Drissen_et_al,SPNS3
GMP_Drissen_et_al,AMIGO3
GMP_Drissen_et_al,NFKBID
GMP_Drissen_et_al,LIME1
GMP_Drissen_et_al,GAS7
GMP_Drissen_et_al,IGLL5
GMP_Drissen_et_al,KCNE3
GMP_Drissen_et_al,PLD4
GMP_Drissen_et_al,RPS6KA4
GMP_Drissen_et_al,BAHCC1
GMP_Drissen_et_al,PRAM1
GMP_Drissen_et_al,TP53I13
GMP_Drissen_et_al,SLC2A4RG
GMP_Drissen_et_al,LGALS1
GMP_Drissen_et_al,FAAH
GMP_Drissen_et_al,TLR2
GMP_Drissen_et_al,TTC7A
GMP_Drissen_et_al,CEBPA
GMP_Drissen_et_al,TRPC2
GMP_Drissen_et_al,LOC606724
GMP_Drissen_et_al,FAM107B
GMP_Drissen_et_al,ACADS
GMP_Drissen_et_al,ARHGAP4
GMP_Drissen_et_al,ARRDC1
GMP_Drissen_et_al,CLEC11A
GMP_Drissen_et_al,CORO1A
GMP_Drissen_et_al,PLEKHO1
GMP_Drissen_et_al,SLC12A9
GMP_Drissen_et_al,AHDC1
GMP_Drissen_et_al,KBTBD11
GMP_Drissen_et_al,EPHB6
GMP_Drissen_et_al,AGPAT2
GMP_Drissen_et_al,PRSS57
GMP_Drissen_et_al,MEF2D
GMP_Drissen_et_al,MAPKAPK2
GMP_Drissen_et_al,LDLRAD2
GMP_Drissen_et_al,PLXNB2
GMP_Drissen_et_al,HLA-J
GMP_Drissen_et_al,C7orf43
GMP_Drissen_et_al,MAN2B1
GMP_Drissen_et_al,LSP1
GMP_Drissen_et_al,SLC35C2
GMP_Drissen_et_al,DGKZ
GMP_Drissen_et_al,CBX6
GMP_Drissen_et_al,ASPSCR1
GMP_Drissen_et_al,AGAP3
GMP_Drissen_et_al,KIAA0930
GMP_Drissen_et_al,PLXND1
GMP_Drissen_et_al,QSOX1
GMP_Drissen_et_al,MATK
GMP_Drissen_et_al,RAP1GAP2
GMP_Drissen_et_al,SUN2
GMP_Drissen_et_al,SLC27A1
GMP_Drissen_et_al,BCL2
GMP_Drissen_et_al,SYTL1
GMP_Drissen_et_al,ABCA2
GMP_Drissen_et_al,DGKD
GMP_Drissen_et_al,TOP1MT
GMP_Drissen_et_al,MAP2K7
GMP_Drissen_et_al,ITM2C
GMP_Drissen_et_al,INTS1
GMP_Drissen_et_al,CYBA
GMP_Drissen_et_al,ARHGAP27
GMP_Drissen_et_al,TNFRSF1A
GMP_Drissen_et_al,TRABD
GMP_Drissen_et_al,USF2
GMP_Drissen_et_al,SLC24A6
GMP_Drissen_et_al,ADRBK1
GMP_Drissen_et_al,KCNAB2
GMP_Drissen_et_al,PABPC1L
GMP_Drissen_et_al,RASGRP2
GMP_Drissen_et_al,LYPLA2
GMP_Drissen_et_al,POU2F2
GMP_Drissen_et_al,40057
GMP_Drissen_et_al,LYST
GMP_Drissen_et_al,DENND3
GMP_Drissen_et_al,PKM
GMP_Drissen_et_al,ITGB2
GMP_Drissen_et_al,NOTCH1
GMP_Drissen_et_al,SASH3
GMP_Drissen_et_al,MZT2B
GMP_Drissen_et_al,TWF2
GMP_Drissen_et_al,ZYX
GMP_Drissen_et_al,IER2
GMP_Drissen_et_al,WAS
GMP_Drissen_et_al,SIPA1
GMP_Drissen_et_al,CTSD
GMP_Drissen_et_al,AKNA
GMP_Drissen_et_al,ATG16L2
GMP_Drissen_et_al,RGS19
GMP_Drissen_et_al,GRN
GMP_Drissen_et_al,MAP4K1
GMP_Drissen_et_al,TBC1D2B
GMP_Drissen_et_al,GSDMD
GMP_Drissen_et_al,ERP29
GMP_Drissen_et_al,IRF3
GMP_Drissen_et_al,CDC37
GMP_Drissen_et_al,HLA-A
GMP_Drissen_et_al,MKL1
GMP_Drissen_et_al,HYOU1
GMP_Drissen_et_al,CALR
MEP_Drissen_et_a,TGM2
MEP_Drissen_et_a,UBXN10
MEP_Drissen_et_a,IFIT1B
MEP_Drissen_et_a,RNF182
MEP_Drissen_et_a,CDH1
MEP_Drissen_et_a,RAP1GAP
MEP_Drissen_et_a,APOC1P1
MEP_Drissen_et_a,GYPA
MEP_Drissen_et_a,GJA1
MEP_Drissen_et_a,PPP1R14A
MEP_Drissen_et_a,FAM129B
MEP_Drissen_et_a,TNFRSF25
MEP_Drissen_et_a,SPTA1
MEP_Drissen_et_a,CXADR
MEP_Drissen_et_a,ECE1
MEP_Drissen_et_a,PVT1
MEP_Drissen_et_a,STEAP3
MEP_Drissen_et_a,MTSS1
MEP_Drissen_et_a,ATP7B
MEP_Drissen_et_a,BLVRB
MEP_Drissen_et_a,AKR1C1
MEP_Drissen_et_a,PRKAR2B
MEP_Drissen_et_a,TUBB2A
MEP_Drissen_et_a,NECAB1
MEP_Drissen_et_a,AMMECR1
MEP_Drissen_et_a,SGPP1
MEP_Drissen_et_a,GBGT1
MEP_Drissen_et_a,ELOVL6
MEP_Drissen_et_a,ALAD
MEP_Drissen_et_a,DHRS11
MEP_Drissen_et_a,PIR
MEP_Drissen_et_a,RILP
MEP_Drissen_et_a,HOOK1
MEP_Drissen_et_a,ZFP36L1
MEP_Drissen_et_a,PLIN2
MEP_Drissen_et_a,GPR155
MEP_Drissen_et_a,EPHB4
MEP_Drissen_et_a,PPT2
MEP_Drissen_et_a,S100A6
MEP_Drissen_et_a,LDB1
MEP_Drissen_et_a,NEDD4L
MEP_Drissen_et_a,FLJ38109
MEP_Drissen_et_a,GDPD1
MEP_Drissen_et_a,SLC25A15
MEP_Drissen_et_a,HDAC7
MEP_Drissen_et_a,CAPRIN2
MEP_Drissen_et_a,SMIM10
MEP_Drissen_et_a,NFIA
MEP_Drissen_et_a,DNAJA4
MEP_Drissen_et_a,LINC00152
MEP_Drissen_et_a,EMP3
MEP_Drissen_et_a,TFRC
MEP_Drissen_et_a,EPSTI1
MEP_Drissen_et_a,STRADB
MEP_Drissen_et_a,RRP9
MEP_Drissen_et_a,LOC541471
MEP_Drissen_et_a,CCDC112
MEP_Drissen_et_a,MPC2
MEP_Drissen_et_a,CASP3
MEP_Drissen_et_a,NET1
MEP_Drissen_et_a,GALNT10
MEP_Drissen_et_a,HAGH
MEP_Drissen_et_a,FAM118A
MEP_Drissen_et_a,CCDC69
MEP_Drissen_et_a,FAM45B
MEP_Drissen_et_a,ASAP1
MEP_Drissen_et_a,REXO2
MEP_Drissen_et_a,HMBS
MEP_Drissen_et_a,PLA2G6
MEP_Drissen_et_a,S100A4
MEP_Drissen_et_a,CDC42BPA
MEP_Drissen_et_a,CD320
MEP_Drissen_et_a,RNF123
MEP_Drissen_et_a,PNPO
MEP_Drissen_et_a,PHF6
MEP_Drissen_et_a,RCL1
MEP_Drissen_et_a,CMBL
MEP_Drissen_et_a,ABCC5
MEP_Drissen_et_a,WEE1
MEP_Drissen_et_a,HNRNPAB
MEP_Drissen_et_a,HBS1L
MEP_Drissen_et_a,PPOX
MEP_Drissen_et_a,FECH
MEP_Drissen_et_a,CDYL
MEP_Drissen_et_a,UROD
MEP_Drissen_et_a,UBAC1
MEP_Drissen_et_a,GCAT
MEP_Drissen_et_a,STK25
MEP_Drissen_et_a,FAM210B
MEP_Drissen_et_a,ANKRD27
MEP_Drissen_et_a,TMEM14C
MEP_Drissen_et_a,RAP2B
MEP_Drissen_et_a,LYAR
MEP_Drissen_et_a,UGGT1
MEP_Drissen_et_a,SLC39A8
MEP_Drissen_et_a,TMEM141
MEP_Drissen_et_a,SLC12A6
MEP_Drissen_et_a,CAST
MEP_Drissen_et_a,THAP4
MEP_Drissen_et_a,HERC2P9
MEP_Drissen_et_a,RREB1
MEP_Drissen_et_a,RFX7
MEP_Drissen_et_a,ABCB10
MEP_Drissen_et_a,NUP98
MEP_Drissen_et_a,TRIM58
MEP_Drissen_et_a,NADKD1
MEP_Drissen_et_a,ATP13A3
MEP_Drissen_et_a,MAP2K1
MEP_Drissen_et_a,HERC2P2
CLP_Chen_et_al,LTA
CLP_Chen_et_al,TBCD
CLP_Chen_et_al,MAPKAPK5-AS1
CLP_Chen_et_al,ZCCHC7
CLP_Chen_et_al,ARHGEF7
CLP_Chen_et_al,ZADH2
CLP_Chen_et_al,PRPF39
CLP_Chen_et_al,TOPBP1
CLP_Chen_et_al,UFM1
CLP_Chen_et_al,PTEN
CLP_Chen_et_al,VPREB3
CLP_Chen_et_al,CALM1
CLP_Chen_et_al,BAZ1A
CLP_Chen_et_al,UBE2G1
CLP_Chen_et_al,PMAIP1
CLP_Chen_et_al,FAM76B
CLP_Chen_et_al,NPY
CLP_Chen_et_al,SMAD5
CLP_Chen_et_al,NUP133
CLP_Chen_et_al,MEAF6
CLP_Chen_et_al,ZBTB44
CLP_Chen_et_al,NUS1
CLP_Chen_et_al,GCFC1
CLP_Chen_et_al,PCGF5
CLP_Chen_et_al,CTAGE5
CLP_Chen_et_al,FXYD2
CLP_Chen_et_al,LCN6
CLP_Chen_et_al,LDLRAD4
CLP_Chen_et_al,RP11-179H18.2
CLP_Chen_et_al,URI1
CLP_Chen_et_al,IL7R
CLP_Chen_et_al,BLNK
CLP_Chen_et_al,GEMIN8
CLP_Chen_et_al,IGJ
CLP_Chen_et_al,PAIP1
CLP_Chen_et_al,GRSF1
CLP_Chen_et_al,ATMIN
CLP_Chen_et_al,MRPS35
CLP_Chen_et_al,KIAA1429
CLP_Chen_et_al,RP11-347C12.2
CLP_Chen_et_al,ZMYM2
CLP_Chen_et_al,TOB1
CLP_Chen_et_al,DSTN
CLP_Chen_et_al,CD79A
CLP_Chen_et_al,RCOR3
CLP_Chen_et_al,GTF2I
CLP_Chen_et_al,STK17B
CLP_Chen_et_al,RP11-452F19.3
CLP_Chen_et_al,NRM
CLP_Chen_et_al,TRBV28
CLP_Chen_et_al,ZC3H8
CLP_Chen_et_al,RP11-175I17.4
CLP_Chen_et_al,ERCC5
CLP_Chen_et_al,ZNF84
CLP_Chen_et_al,AKAP8
CLP_Chen_et_al,HECA
CLP_Chen_et_al,FEM1B
CLP_Chen_et_al,TP53INP1
CLP_Chen_et_al,MT-CO1
CLP_Chen_et_al,DNTT
CLP_Chen_et_al,CASP10
CLP_Chen_et_al,UBR5
CLP_Chen_et_al,MPRIP
CLP_Chen_et_al,PAN3
CLP_Chen_et_al,ERO1L
CLP_Chen_et_al,RNF7
CLP_Chen_et_al,ZDHHC2
CLP_Chen_et_al,PAIP2
CLP_Chen_et_al,RP11-529H20.5
CLP_Chen_et_al,TOP2B
CLP_Chen_et_al,TRMT61B
CLP_Chen_et_al,PLP2
CLP_Chen_et_al,NEGR1
CLP_Chen_et_al,ZNF277
CLP_Chen_et_al,UMODL1
CLP_Chen_et_al,IFT20
CLP_Chen_et_al,CEP95
CLP_Chen_et_al,SLC8A1-AS1
CLP_Chen_et_al,GNAS
CLP_Chen_et_al,EIF2AK4
CLP_Chen_et_al,LLPH
CLP_Chen_et_al,CASP8
CLP_Chen_et_al,ZFAND2A
CLP_Chen_et_al,S100PBP
CLP_Chen_et_al,RBM34
CLP_Chen_et_al,ANKRD40
CLP_Chen_et_al,CHSY1
CLP_Chen_et_al,NUCB2
CLP_Chen_et_al,ARRDC3
CLP_Chen_et_al,ZNF263
CLP_Chen_et_al,PSIP1
CLP_Chen_et_al,SLC12A2
CLP_Chen_et_al,MEF2A
CLP_Chen_et_al,ZNF709
CLP_Chen_et_al,TNF
CLP_Chen_et_al,CCNI
CLP_Chen_et_al,USP25
CLP_Chen_et_al,ACOT2
CLP_Chen_et_al,ANAPC15
CLP_Chen_et_al,FOXJ3
CLP_Chen_et_al,HSP90B1
CLP_Chen_et_al,CWC15
CLP_Chen_et_al,RYK
CLP_Chen_et_al,NR2C1
CLP_Chen_et_al,LRRC28
CLP_Chen_et_al,CEP290
CLP_Chen_et_al,PPP1R2
CLP_Chen_et_al,SESN1
CLP_Chen_et_al,RP11-15H20.6
Monocyte_Popescu_et_al,S100A9
Monocyte_Popescu_et_al,S100A8
Monocyte_Popescu_et_al,S100A12
Monocyte_Popescu_et_al,IL1B
Monocyte_Popescu_et_al,FCN1
Monocyte_Popescu_et_al,G0S2
Monocyte_Popescu_et_al,CXCL8
Monocyte_Popescu_et_al,VCAN
Monocyte_Popescu_et_al,CCL3L3
Monocyte_Popescu_et_al,LYZ
Monocyte_Popescu_et_al,MNDA
Monocyte_Popescu_et_al,CSTA
Monocyte_Popescu_et_al,PLAUR
Monocyte_Popescu_et_al,S100A6
Monocyte_Popescu_et_al,TSPO
Monocyte_Popescu_et_al,IL1RN
Monocyte_Popescu_et_al,SOD2
Monocyte_Popescu_et_al,CCL4L2
Monocyte_Popescu_et_al,BCL2A1
Monocyte_Popescu_et_al,RETN
Monocyte_Popescu_et_al,TYROBP
Monocyte_Popescu_et_al,S100A11
Monocyte_Popescu_et_al,S100A4
Monocyte_Popescu_et_al,CTSS
Monocyte_Popescu_et_al,LGALS1
Monocyte_Popescu_et_al,CCL3
Monocyte_Popescu_et_al,NAMPT
Monocyte_Popescu_et_al,CCL4
Monocyte_Popescu_et_al,NFKBIA
Monocyte_Popescu_et_al,PLBD1
Neutrophil_Ju_et_al,CHST2
Neutrophil_Ju_et_al,ITGAX
Neutrophil_Ju_et_al,ITGAM
Neutrophil_Ju_et_al,ITGAD
Neutrophil_Ju_et_al,ART1
Neutrophil_Ju_et_al,SPHK1
Neutrophil_Ju_et_al,PNP
Neutrophil_Ju_et_al,CFP
Neutrophil_Ju_et_al,KHDRBS1
Neutrophil_Ju_et_al,CLIC1
Neutrophil_Ju_et_al,RAC2
Neutrophil_Ju_et_al,VCL
Neutrophil_Ju_et_al,AIRE
Neutrophil_Ju_et_al,CSF2RB
Neutrophil_Ju_et_al,CSF2RA
Neutrophil_Ju_et_al,CHST1
Neutrophil_Ju_et_al,LGALS3
Neutrophil_Ju_et_al,ALPL
Neutrophil_Ju_et_al,NAPRT1
Neutrophil_Ju_et_al,CAP1
Neutrophil_Ju_et_al,CAPG
Neutrophil_Ju_et_al,MPO
Neutrophil_Ju_et_al,RAP1B
Neutrophil_Ju_et_al,RAP1A
Neutrophil_Ju_et_al,ATP6V1B2
Neutrophil_Ju_et_al,SYT2
Neutrophil_Ju_et_al,GNAI2
Neutrophil_Ju_et_al,ICMT
Neutrophil_Ju_et_al,ATP5A1
Neutrophil_Ju_et_al,ENO1
Neutrophil_Ju_et_al,ARHGDIB
Neutrophil_Ju_et_al,ARHGDIA
Neutrophil_Ju_et_al,FFAR2
Neutrophil_Ju_et_al,FFAR3
Neutrophil_Ju_et_al,PLA2G5
Neutrophil_Ju_et_al,FPR1
Neutrophil_Ju_et_al,FPR2
Neutrophil_Ju_et_al,FKBP1A
Neutrophil_Ju_et_al,GNAQ
Neutrophil_Ju_et_al,AMOT
Neutrophil_Ju_et_al,VPS45
Neutrophil_Ju_et_al,HIST2H2BE
Neutrophil_Ju_et_al,SLC44A1
Neutrophil_Ju_et_al,ILF2
Neutrophil_Ju_et_al,HBB
Neutrophil_Ju_et_al,H2AFY
Neutrophil_Ju_et_al,ACTR3
Neutrophil_Ju_et_al,ACTR2
Neutrophil_Ju_et_al,MMP25
Neutrophil_Ju_et_al,HAGH
Neutrophil_Ju_et_al,S100A9
Neutrophil_Ju_et_al,S100A8
Neutrophil_Ju_et_al,S100A4
Neutrophil_Ju_et_al,EEF2
Neutrophil_Ju_et_al,GNG10
Neutrophil_Ju_et_al,ADSS
Neutrophil_Ju_et_al,STX3
Neutrophil_Ju_et_al,STX5
Neutrophil_Ju_et_al,STX6
Neutrophil_Ju_et_al,PITPNA
Neutrophil_Ju_et_al,NAMPT
Neutrophil_Ju_et_al,RNASE6
Neutrophil_Ju_et_al,SERPINB1
Neutrophil_Ju_et_al,SERPINB3
Neutrophil_Ju_et_al,CX3CR1
Neutrophil_Ju_et_al,ATP5B
Neutrophil_Ju_et_al,NFKBIA
Neutrophil_Ju_et_al,DTNA
Neutrophil_Ju_et_al,ACTN1
Neutrophil_Ju_et_al,ACTN4
Neutrophil_Ju_et_al,EZR
Neutrophil_Ju_et_al,PTPRC
Neutrophil_Ju_et_al,PTPRJ
Neutrophil_Ju_et_al,MX1
Neutrophil_Ju_et_al,SIGLEC9
Neutrophil_Ju_et_al,GDI2
Neutrophil_Ju_et_al,RAB11B
Neutrophil_Ju_et_al,BID
Neutrophil_Ju_et_al,KLKB1
Neutrophil_Ju_et_al,CYBB
Neutrophil_Ju_et_al,CYBA
Neutrophil_Ju_et_al,DMTF1
Neutrophil_Ju_et_al,GUSB
Neutrophil_Ju_et_al,QPCT
Neutrophil_Ju_et_al,FCN1
Neutrophil_Ju_et_al,CR1
Neutrophil_Ju_et_al,PTPN9
Neutrophil_Ju_et_al,HPRT1
Neutrophil_Ju_et_al,CD63
Neutrophil_Ju_et_al,CD69
Neutrophil_Ju_et_al,CD68
Neutrophil_Ju_et_al,CLEC3B
Neutrophil_Ju_et_al,VIP
Neutrophil_Ju_et_al,G6PD
Neutrophil_Ju_et_al,STOM
Neutrophil_Ju_et_al,ELANE
Neutrophil_Ju_et_al,PIK3CG
Neutrophil_Ju_et_al,ACLY
Neutrophil_Ju_et_al,ARF1
Neutrophil_Ju_et_al,EEF1A1
Neutrophil_Ju_et_al,RAB2A
Neutrophil_Ju_et_al,CALR
Neutrophil_Ju_et_al,CD177
Neutrophil_Ju_et_al,RAB27A
Neutrophil_Ju_et_al,HEXA
Neutrophil_Ju_et_al,PFN1
Neutrophil_Ju_et_al,TPM1
Neutrophil_Ju_et_al,RAB10
Neutrophil_Ju_et_al,RAB1B
Macrophage_Ju_et_al,SPN
Macrophage_Ju_et_al,CYP27B1
Macrophage_Ju_et_al,HRH1
Macrophage_Ju_et_al,ITGAX
Macrophage_Ju_et_al,ITGAV
Macrophage_Ju_et_al,ITGAM
Macrophage_Ju_et_al,ITGAD
Macrophage_Ju_et_al,SPHK1
Macrophage_Ju_et_al,CFD
Macrophage_Ju_et_al,PLK2
Macrophage_Ju_et_al,LGALS9
Macrophage_Ju_et_al,LGALS3
Macrophage_Ju_et_al,EREG
Macrophage_Ju_et_al,MYO10
Macrophage_Ju_et_al,PLAUR
Macrophage_Ju_et_al,OLR1
Macrophage_Ju_et_al,FABP2
Macrophage_Ju_et_al,CAPG
Macrophage_Ju_et_al,MPO
Macrophage_Ju_et_al,SRD5A1
Macrophage_Ju_et_al,TAP1
Macrophage_Ju_et_al,LTC4S
Macrophage_Ju_et_al,CCL20
Macrophage_Ju_et_al,CCL22
Macrophage_Ju_et_al,UCK2
Macrophage_Ju_et_al,ACAT2
Macrophage_Ju_et_al,LDLR
Macrophage_Ju_et_al,P2RY6
Macrophage_Ju_et_al,ABCG4
Macrophage_Ju_et_al,FN1
Macrophage_Ju_et_al,SYK
Macrophage_Ju_et_al,MARCO
Macrophage_Ju_et_al,CLEC5A
Macrophage_Ju_et_al,PTK2
Macrophage_Ju_et_al,CES1
Macrophage_Ju_et_al,LMNA
Macrophage_Ju_et_al,PLA2G5
Macrophage_Ju_et_al,ABCA10
Macrophage_Ju_et_al,TICAM2
Macrophage_Ju_et_al,PLTP
Macrophage_Ju_et_al,S100A8
Macrophage_Ju_et_al,LIPG
Macrophage_Ju_et_al,HDC
Macrophage_Ju_et_al,IL24
Macrophage_Ju_et_al,CLEC7A
Macrophage_Ju_et_al,JMJD6
Macrophage_Ju_et_al,BCL6
Macrophage_Ju_et_al,PLK3
Macrophage_Ju_et_al,SERPINB1
Macrophage_Ju_et_al,SERPINB2
Macrophage_Ju_et_al,ADAMDEC1
Macrophage_Ju_et_al,PTPRJ
Macrophage_Ju_et_al,CPM
Macrophage_Ju_et_al,MX1
Macrophage_Ju_et_al,LY75
Macrophage_Ju_et_al,GPER
Macrophage_Ju_et_al,PANX1
Macrophage_Ju_et_al,CYBB
Macrophage_Ju_et_al,CYBA
Macrophage_Ju_et_al,DMTF1
Macrophage_Ju_et_al,GUSB
Macrophage_Ju_et_al,TNFRSF14
Macrophage_Ju_et_al,FCN1
Macrophage_Ju_et_al,CR1
Macrophage_Ju_et_al,CD63
Macrophage_Ju_et_al,CD68
Macrophage_Ju_et_al,CLEC3B
Macrophage_Ju_et_al,HMOX1
Macrophage_Ju_et_al,IL12B
Macrophage_Ju_et_al,PIK3CD
Macrophage_Ju_et_al,CD40
Macrophage_Ju_et_al,CSF1R
Macrophage_Ju_et_al,PRSS33
Macrophage_Ju_et_al,FYB
Macrophage_Ju_et_al,FCGR2C
Macrophage_Ju_et_al,FCGR2A
Macrophage_Ju_et_al,PAM
Macrophage_Ju_et_al,ICOSLG
Macrophage_Ju_et_al,IDO1
Macrophage_Ju_et_al,VIPR2
Macrophage_Ju_et_al,IFI35
Macrophage_Ju_et_al,LPXN
Macrophage_Ju_et_al,CXCL16
Macrophage_Ju_et_al,TNFRSF9
Macrophage_Ju_et_al,ACP5
Macrophage_Ju_et_al,ABCG1
Macrophage_Ju_et_al,FCGRT
Macrophage_Ju_et_al,C3AR1
Macrophage_Ju_et_al,IDI1
Macrophage_Ju_et_al,TSC22D3
Macrophage_Ju_et_al,S1PR1
Macrophage_Ju_et_al,HSPD1
Macrophage_Ju_et_al,CTSC
Macrophage_Ju_et_al,CTSE
Macrophage_Ju_et_al,CTSG
Macrophage_Ju_et_al,CXCL3
Macrophage_Ju_et_al,CXCL6
Macrophage_Ju_et_al,CXCL9
Macrophage_Ju_et_al,PENK
Macrophage_Ju_et_al,MAEA
Macrophage_Ju_et_al,IL8
Macrophage_Ju_et_al,HPGDS
Macrophage_Ju_et_al,LYN
Macrophage_Ju_et_al,TLR4
Macrophage_Ju_et_al,TLR9
Macrophage_Ju_et_al,HLA-G
Macrophage_Ju_et_al,TNFAIP3
Macrophage_Ju_et_al,TYK2
Macrophage_Ju_et_al,RETN
Erythroid_Progenitor_Velten_et_al,CA1
Erythroid_Progenitor_Velten_et_al,HBB
Erythroid_Progenitor_Velten_et_al,LMNA
Erythroid_Progenitor_Velten_et_al,CD36
Erythroid_Progenitor_Velten_et_al,BLVRB
Erythroid_Progenitor_Velten_et_al,APOE
Erythroid_Progenitor_Velten_et_al,RHAG
Erythroid_Progenitor_Velten_et_al,AHSP
Erythroid_Progenitor_Velten_et_al,PKLR
Erythroid_Progenitor_Velten_et_al,CNRIP1
Erythroid_Progenitor_Velten_et_al,KLF1
Erythroid_Progenitor_Velten_et_al,APOC1
Erythroid_Progenitor_Velten_et_al,KCNH2
Erythroid_Progenitor_Velten_et_al,CA2
Erythroid_Progenitor_Velten_et_al,FAM178B
Erythroid_Progenitor_Velten_et_al,FAM89A
Erythroid_Progenitor_Velten_et_al,REXO2
Erythroid_Progenitor_Velten_et_al,TFR2
Erythroid_Progenitor_Velten_et_al,SELENBP1
Erythroid_Progenitor_Velten_et_al,EPCAM
Erythroid_Progenitor_Velten_et_al,PLIN2
Erythroid_Progenitor_Velten_et_al,TGM2
Erythroid_Progenitor_Velten_et_al,CDH1
Erythroid_Progenitor_Velten_et_al,ADD2
Erythroid_Progenitor_Velten_et_al,GFI1B
Erythroid_Progenitor_Velten_et_al,GATA1
Erythroid_Progenitor_Velten_et_al,GPT
Erythroid_Progenitor_Velten_et_al,TMEM56
Erythroid_Progenitor_Velten_et_al,TFRC
Erythroid_Progenitor_Velten_et_al,UROD
Erythroid_Progenitor_Velten_et_al,EPB42
Erythroid_Progenitor_Velten_et_al,CAST
Erythroid_Progenitor_Velten_et_al,RFESD
Erythroid_Progenitor_Velten_et_al,ANK1
Erythroid_Progenitor_Velten_et_al,FECH
Erythroid_Progenitor_Velten_et_al,NFIA
Erythroid_Progenitor_Velten_et_al,MPC2
Erythroid_Progenitor_Velten_et_al,FBXO7
Erythroid_Progenitor_Velten_et_al,MYC
Erythroid_Progenitor_Velten_et_al,APOL4
Erythroid_Progenitor_Velten_et_al,SCPEP1
Erythroid_Progenitor_Velten_et_al,TMOD1
Erythroid_Progenitor_Velten_et_al,SLC39A8
Erythroid_Progenitor_Velten_et_al,S100A6
Erythroid_Progenitor_Velten_et_al,HBD
Erythroid_Progenitor_Velten_et_al,G0S2
Erythroid_Progenitor_Velten_et_al,A4GALT
Erythroid_Progenitor_Velten_et_al,ATPIF1
Erythroid_Progenitor_Velten_et_al,NDFIP2
Erythroid_Progenitor_Velten_et_al,LPCAT3
Erythroid_Progenitor_Velten_et_al,HBS1L
Erythroid_Progenitor_Velten_et_al,ALAD
Erythroid_Progenitor_Velten_et_al,SPTA1
Erythroid_Progenitor_Velten_et_al,CASP3
Erythroid_Progenitor_Velten_et_al,PRDX2
Erythroid_Progenitor_Velten_et_al,PNPO
Erythroid_Progenitor_Velten_et_al,UBAC1
Erythroid_Progenitor_Velten_et_al,HOOK1
Erythroid_Progenitor_Velten_et_al,HIGD1A
Erythroid_Progenitor_Velten_et_al,CTTN
Erythroid_Progenitor_Velten_et_al,HSD3B7
Erythroid_Progenitor_Velten_et_al,UBXN10
Erythroid_Progenitor_Velten_et_al,STRADB
Erythroid_Progenitor_Velten_et_al,TMEM14C
Erythroid_Progenitor_Velten_et_al,HES6
Erythroid_Progenitor_Velten_et_al,ELOVL6
Erythroid_Progenitor_Velten_et_al,GAD1
Erythroid_Progenitor_Velten_et_al,TPGS2
Erythroid_Progenitor_Velten_et_al,RAB3IL1
Erythroid_Progenitor_Velten_et_al,CDC42EP4
Erythroid_Progenitor_Velten_et_al,TXNL1
Erythroid_Progenitor_Velten_et_al,DNAJA4
Erythroid_Progenitor_Velten_et_al,CSF1
Erythroid_Progenitor_Velten_et_al,SMIM10
Erythroid_Progenitor_Velten_et_al,ALDH1A1
Erythroid_Progenitor_Velten_et_al,GLRX
Erythroid_Progenitor_Velten_et_al,ARV1
Erythroid_Progenitor_Velten_et_al,SLC25A21
Erythroid_Progenitor_Velten_et_al,FAM83D
Erythroid_Progenitor_Velten_et_al,SMIM1
Erythroid_Progenitor_Velten_et_al,FAM210B
Erythroid_Progenitor_Velten_et_al,GRTP1
Erythroid_Progenitor_Velten_et_al,SLC38A5
Erythroid_Progenitor_Velten_et_al,ACHE
Erythroid_Progenitor_Velten_et_al,MBOAT2
Erythroid_Progenitor_Velten_et_al,ITGB1
Erythroid_Progenitor_Velten_et_al,ZFP36L1
Erythroid_Progenitor_Velten_et_al,EPOR
Erythroid_Progenitor_Velten_et_al,TNFRSF25
Erythroid_Progenitor_Velten_et_al,OAT
Erythroid_Progenitor_Velten_et_al,TNFAIP6
Erythroid_Progenitor_Velten_et_al,CCT6A
Erythroid_Progenitor_Velten_et_al,KEL
Erythroid_Progenitor_Velten_et_al,HMBS
Erythroid_Progenitor_Velten_et_al,AK6
Erythroid_Progenitor_Velten_et_al,SLC25A15
Erythroid_Progenitor_Velten_et_al,ACSS1
Erythroid_Progenitor_Velten_et_al,ALAS2
Erythroid_Progenitor_Velten_et_al,SEC14L2
Erythroid_Progenitor_Velten_et_al,ENG
Erythroid_Progenitor_Velten_et_al,MINPP1
Erythroid_Progenitor_Velten_et_al,PCCB
Erythroid_Progenitor_Velten_et_al,FHL2
Erythroid_Progenitor_Velten_et_al,PPA2
Erythroid_Progenitor_Velten_et_al,PNMT
Erythroid_Progenitor_Velten_et_al,EMP3
Erythroid_Progenitor_Velten_et_al,SLC10A4
Erythroid_Progenitor_Velten_et_al,CXADR
Erythroid_Progenitor_Velten_et_al,MFSD2B
Erythroid_Progenitor_Velten_et_al,HBB
Erythroid_Progenitor_Velten_et_al,AHSP
Erythroid_Progenitor_Velten_et_al,CA1
Erythroid_Progenitor_Velten_et_al,HBA1
Erythroid_Progenitor_Velten_et_al,KCNH2
Erythroid_Progenitor_Velten_et_al,HBA2
Erythroid_Progenitor_Velten_et_al,PRDX2
Erythroid_Progenitor_Velten_et_al,FAM178B
Erythroid_Progenitor_Velten_et_al,BLVRB
Erythroid_Progenitor_Velten_et_al,ALAS2
Erythroid_Progenitor_Velten_et_al,LMNA
Erythroid_Progenitor_Velten_et_al,SELENBP1
Erythroid_Progenitor_Velten_et_al,RHAG
Erythroid_Progenitor_Velten_et_al,TFR2
Erythroid_Progenitor_Velten_et_al,NMU
Erythroid_Progenitor_Velten_et_al,CA2
Erythroid_Progenitor_Velten_et_al,FAM89A
Erythroid_Progenitor_Velten_et_al,TMEM56
Erythroid_Progenitor_Velten_et_al,ANK1
Erythroid_Progenitor_Velten_et_al,HBQ1
Erythroid_Progenitor_Velten_et_al,CDH1
Erythroid_Progenitor_Velten_et_al,AK1
Erythroid_Progenitor_Velten_et_al,EPCAM
Erythroid_Progenitor_Velten_et_al,PKLR
Erythroid_Progenitor_Velten_et_al,EPOR
Erythroid_Progenitor_Velten_et_al,KLF1
Erythroid_Progenitor_Velten_et_al,APOC1
Erythroid_Progenitor_Velten_et_al,HES6
Erythroid_Progenitor_Velten_et_al,CD36
Erythroid_Progenitor_Velten_et_al,S100A6
Erythroid_Progenitor_Velten_et_al,KEL
Erythroid_Progenitor_Velten_et_al,A4GALT
Erythroid_Progenitor_Velten_et_al,APOE
Erythroid_Progenitor_Velten_et_al,ATPIF1
Erythroid_Progenitor_Velten_et_al,HBD
Erythroid_Progenitor_Velten_et_al,GAL
Erythroid_Progenitor_Velten_et_al,FECH
Erythroid_Progenitor_Velten_et_al,REXO2
Erythroid_Progenitor_Velten_et_al,DNAJA4
Erythroid_Progenitor_Velten_et_al,SPESP1
Erythroid_Progenitor_Velten_et_al,SLC38A5
Erythroid_Progenitor_Velten_et_al,PNMT
Erythroid_Progenitor_Velten_et_al,KLRG2
Erythroid_Progenitor_Velten_et_al,MYL4
Erythroid_Progenitor_Velten_et_al,SLC48A1
Erythroid_Progenitor_Velten_et_al,SYNGR1
Erythroid_Progenitor_Velten_et_al,LPCAT3
Erythroid_Progenitor_Velten_et_al,SLC29A1
Erythroid_Progenitor_Velten_et_al,UBASH3A
Erythroid_Progenitor_Velten_et_al,CA3
Erythroid_Progenitor_Velten_et_al,HMBS
Erythroid_Progenitor_Velten_et_al,UBAC1
Erythroid_Progenitor_Velten_et_al,IPP
Erythroid_Progenitor_Velten_et_al,UROD
Erythroid_Progenitor_Velten_et_al,MGAT3
Erythroid_Progenitor_Velten_et_al,UBXN10
Erythroid_Progenitor_Velten_et_al,GLRX
Erythroid_Progenitor_Velten_et_al,SLC43A3
Erythroid_Progenitor_Velten_et_al,GRTP1
Erythroid_Progenitor_Velten_et_al,SMIM1
Erythroid_Progenitor_Velten_et_al,TPGS2
Erythroid_Progenitor_Velten_et_al,TUBB2A
Erythroid_Progenitor_Velten_et_al,TLE1
Erythroid_Progenitor_Velten_et_al,FXYD3
Erythroid_Progenitor_Velten_et_al,LTBP2
Erythroid_Progenitor_Velten_et_al,SPTA1
Erythroid_Progenitor_Velten_et_al,PRKAR1B
Erythroid_Progenitor_Velten_et_al,NEDD4L
Erythroid_Progenitor_Velten_et_al,C1orf198
Erythroid_Progenitor_Velten_et_al,SPTB
Erythroid_Progenitor_Velten_et_al,AGFG2
Erythroid_Progenitor_Velten_et_al,STEAP3
Erythroid_Progenitor_Velten_et_al,TST
Erythroid_Progenitor_Velten_et_al,DPEP3
Erythroid_Progenitor_Velten_et_al,E2F4
Erythroid_Progenitor_Velten_et_al,ADD2
Erythroid_Progenitor_Velten_et_al,ST6GALNAC1
Erythroid_Progenitor_Velten_et_al,TTLL12
Erythroid_Progenitor_Velten_et_al,G0S2
Erythroid_Progenitor_Velten_et_al,FLOT1
